,annotatable_entities,annotated_entities,coverage,consistent_entities,consistency,specificity
BIOMD0000000634.xml,183,20,0.11,19,0.95,0.97
BIOMD0000000152.xml,186,92,0.49,92,1.0,0.85
BIOMD0000000146.xml,72,43,0.6,42,0.98,0.63
BIOMD0000000620.xml,57,9,0.16,8,0.89,0.97
BIOMD0000000608.xml,194,1,0.01,1,1.0,0.51
BIOMD0000000191.xml,11,10,0.91,10,1.0,0.85
BIOMD0000000185.xml,30,22,0.73,21,0.95,0.74
BIOMD0000000813.xml,13,4,0.31,4,1.0,0.74
BIOMD0000000807.xml,20,,0.0,,,
BIOMD0000000350.xml,46,46,1.0,44,0.96,0.73
BIOMD0000000436.xml,37,12,0.32,11,0.92,0.82
BIOMD0000000422.xml,82,31,0.38,30,0.97,1.0
BIOMD0000000344.xml,137,137,1.0,135,0.99,0.84
BIOMD0000000378.xml,8,5,0.62,3,0.6,0.96
BIOMD0000000393.xml,97,19,0.2,18,0.95,0.95
BIOMD0000000387.xml,13,7,0.54,7,1.0,0.96
BIOMD0000000224.xml,13,11,0.85,10,0.91,0.86
BIOMD0000000542.xml,131,44,0.34,44,1.0,0.99
BIOMD0000000556.xml,16,6,0.38,6,1.0,0.99
BIOMD0000000230.xml,92,74,0.8,69,0.93,0.7
BIOMD0000000218.xml,29,28,0.97,28,1.0,0.94
BIOMD0000000581.xml,63,24,0.38,24,1.0,0.98
BIOMD0000000595.xml,1710,5,0.0,5,1.0,0.96
BIOMD0000000740.xml,45,5,0.11,5,1.0,0.86
BIOMD0000000998.xml,92,78,0.85,77,0.99,0.96
BIOMD0000000026.xml,23,15,0.65,15,1.0,0.88
BIOMD0000000032.xml,87,65,0.75,64,0.98,0.82
BIOMD0000000754.xml,15,12,0.8,12,1.0,0.86
BIOMD0000000768.xml,20,13,0.65,13,1.0,0.78
BIOMD0000000783.xml,13,6,0.46,6,1.0,0.56
BIOMD0000000797.xml,18,7,0.39,7,1.0,0.75
BIOMD0000000967.xml,15,6,0.4,2,0.33,0.8
BIOMD0000000973.xml,10,,0.0,,,
BIOMD0000000972.xml,23,,0.0,,,
BIOMD0000000966.xml,15,2,0.13,2,1.0,0.97
BIOMD0000000796.xml,20,13,0.65,13,1.0,0.77
BIOMD0000000782.xml,9,,0.0,,,
BIOMD0000000769.xml,31,22,0.71,22,1.0,0.85
BIOMD0000000033.xml,60,42,0.7,38,0.9,0.95
BIOMD0000000755.xml,18,5,0.28,5,1.0,1.0
BIOMD0000000999.xml,92,78,0.85,77,0.99,0.96
BIOMD0000000741.xml,16,13,0.81,13,1.0,0.82
BIOMD0000000027.xml,11,10,0.91,10,1.0,0.89
BIOMD0000000594.xml,155,2,0.01,2,1.0,0.89
BIOMD0000000580.xml,67,27,0.4,27,1.0,1.0
BIOMD0000000219.xml,30,28,0.93,28,1.0,0.95
BIOMD0000000557.xml,50,20,0.4,20,1.0,0.97
BIOMD0000000231.xml,12,11,0.92,11,1.0,0.95
BIOMD0000000225.xml,10,7,0.7,6,0.86,0.96
BIOMD0000000543.xml,243,58,0.24,57,0.98,0.98
BIOMD0000000386.xml,12,6,0.5,6,1.0,0.95
BIOMD0000000392.xml,83,29,0.35,28,0.97,0.96
BIOMD0000000379.xml,14,13,0.93,12,0.92,0.8
BIOMD0000000423.xml,22,8,0.36,7,0.88,0.98
BIOMD0000000345.xml,15,14,0.93,13,0.93,0.95
BIOMD0000000351.xml,20,20,1.0,19,0.95,0.78
BIOMD0000000437.xml,105,15,0.14,15,1.0,0.99
BIOMD0000000806.xml,33,23,0.7,22,0.96,0.88
BIOMD0000000812.xml,17,6,0.35,6,1.0,1.0
BIOMD0000000184.xml,13,11,0.85,11,1.0,0.86
BIOMD0000000190.xml,26,25,0.96,25,1.0,0.97
BIOMD0000000609.xml,17,4,0.24,4,1.0,1.0
BIOMD0000000147.xml,78,62,0.79,58,0.94,0.72
BIOMD0000000621.xml,57,9,0.16,8,0.89,0.97
BIOMD0000000635.xml,195,80,0.41,78,0.98,0.86
BIOMD0000000153.xml,229,16,0.07,16,1.0,0.99
BIOMD0000000623.xml,64,61,0.95,30,0.49,0.98
BIOMD0000000145.xml,21,19,0.9,19,1.0,0.81
BIOMD0000000151.xml,143,99,0.69,98,0.99,0.68
BIOMD0000000637.xml,36,22,0.61,22,1.0,0.99
BIOMD0000000179.xml,26,22,0.85,21,0.95,0.7
BIOMD0000000838.xml,11,4,0.36,4,1.0,0.72
BIOMD0000000186.xml,22,17,0.77,16,0.94,0.65
BIOMD0000000192.xml,25,17,0.68,17,1.0,0.8
BIOMD0000000804.xml,11,6,0.55,6,1.0,0.76
BIOMD0000000810.xml,69,53,0.77,53,1.0,0.86
BIOMD0000000347.xml,65,65,1.0,65,1.0,0.78
BIOMD0000000421.xml,8,4,0.5,1,0.25,0.45
BIOMD0000000435.xml,14,14,1.0,13,0.93,0.79
BIOMD0000000353.xml,45,35,0.78,32,0.91,0.98
BIOMD0000000409.xml,57,57,1.0,56,0.98,0.87
BIOMD0000000384.xml,12,6,0.5,6,1.0,0.95
BIOMD0000000390.xml,20,7,0.35,7,1.0,0.99
BIOMD0000000233.xml,10,10,1.0,10,1.0,0.63
BIOMD0000000555.xml,3,2,0.67,2,1.0,1.0
BIOMD0000000541.xml,69,39,0.57,38,0.97,0.97
BIOMD0000000227.xml,120,13,0.11,13,1.0,0.96
BIOMD0000000569.xml,85,2,0.02,2,1.0,0.94
BIOMD0000000596.xml,53,40,0.75,40,1.0,1.0
BIOMD0000000582.xml,83,23,0.28,23,1.0,0.96
BIOMD0000000757.xml,30,20,0.67,20,1.0,0.87
BIOMD0000000031.xml,12,11,0.92,11,1.0,0.91
BIOMD0000000025.xml,10,8,0.8,6,0.75,0.81
BIOMD0000000743.xml,20,15,0.75,14,0.93,0.94
BIOMD0000000019.xml,229,21,0.09,21,1.0,0.89
BIOMD0000000794.xml,52,12,0.23,12,1.0,0.81
BIOMD0000000958.xml,22,,0.0,,,
BIOMD0000000780.xml,18,,0.0,,,
BIOMD0000000970.xml,10,,0.0,,,
BIOMD0000000964.xml,23,,0.0,,,
BIOMD0000000965.xml,15,2,0.13,2,1.0,0.83
BIOMD0000000971.xml,23,,0.0,,,
BIOMD0000000781.xml,13,,0.0,,,
BIOMD0000000959.xml,118,68,0.58,68,1.0,0.98
BIOMD0000000795.xml,10,6,0.6,6,1.0,0.76
BIOMD0000000018.xml,83,53,0.64,52,0.98,0.98
BIOMD0000000024.xml,9,8,0.89,8,1.0,0.8
BIOMD0000000742.xml,10,7,0.7,7,1.0,0.79
BIOMD0000000756.xml,17,14,0.82,14,1.0,0.85
BIOMD0000000030.xml,40,28,0.7,27,0.96,0.87
BIOMD0000000583.xml,58,1,0.02,,0.0,
BIOMD0000000597.xml,86,1,0.01,1,1.0,0.7
BIOMD0000000568.xml,111,35,0.32,35,1.0,0.95
BIOMD0000000540.xml,35,24,0.69,23,0.96,0.98
BIOMD0000000226.xml,51,28,0.55,28,1.0,0.75
BIOMD0000000232.xml,29,28,0.97,28,1.0,0.91
BIOMD0000000554.xml,56,53,0.95,53,1.0,0.95
BIOMD0000000391.xml,46,19,0.41,19,1.0,0.97
BIOMD0000000385.xml,12,6,0.5,6,1.0,0.95
BIOMD0000000408.xml,23,22,0.96,21,0.95,0.9
BIOMD0000000434.xml,76,44,0.58,44,1.0,0.95
BIOMD0000000352.xml,20,20,1.0,19,0.95,0.78
BIOMD0000000346.xml,4,1,0.25,1,1.0,1.0
BIOMD0000000420.xml,8,4,0.5,1,0.25,0.45
BIOMD0000000811.xml,37,16,0.43,16,1.0,0.66
BIOMD0000000805.xml,16,12,0.75,12,1.0,0.84
BIOMD0000000193.xml,16,16,1.0,16,1.0,0.87
BIOMD0000000839.xml,30,8,0.27,8,1.0,0.84
BIOMD0000000187.xml,22,17,0.77,16,0.94,0.66
BIOMD0000000178.xml,14,9,0.64,8,0.89,0.93
BIOMD0000000150.xml,8,4,0.5,4,1.0,0.91
BIOMD0000000636.xml,193,82,0.42,80,0.98,0.87
BIOMD0000000622.xml,30,12,0.4,12,1.0,0.97
BIOMD0000000144.xml,75,71,0.95,59,0.83,0.74
BIOMD0000000168.xml,19,17,0.89,16,0.94,0.79
BIOMD0000000140.xml,72,55,0.76,51,0.93,0.67
BIOMD0000000626.xml,14,14,1.0,13,0.93,0.97
BIOMD0000000632.xml,25,18,0.72,14,0.78,0.86
BIOMD0000000154.xml,9,7,0.78,7,1.0,0.8
BIOMD0000000801.xml,19,13,0.68,13,1.0,0.81
BIOMD0000000815.xml,10,4,0.4,4,1.0,0.77
BIOMD0000000183.xml,421,420,1.0,420,1.0,1.0
BIOMD0000000829.xml,43,36,0.84,34,0.94,0.94
BIOMD0000000197.xml,21,21,1.0,20,0.95,0.77
BIOMD0000000418.xml,5,3,0.6,2,0.67,0.64
BIOMD0000000424.xml,115,37,0.32,37,1.0,0.95
BIOMD0000000342.xml,55,53,0.96,51,0.96,0.77
BIOMD0000000356.xml,98,97,0.99,95,0.98,0.77
BIOMD0000000430.xml,57,54,0.95,53,0.98,0.75
BIOMD0000000381.xml,7,1,0.14,1,1.0,0.92
BIOMD0000000395.xml,40,19,0.48,19,1.0,0.47
BIOMD0000000578.xml,174,2,0.01,2,1.0,0.82
BIOMD0000000550.xml,4,2,0.5,1,0.5,0.58
BIOMD0000000236.xml,13,13,1.0,11,0.85,0.82
BIOMD0000000222.xml,25,23,0.92,22,0.96,0.95
BIOMD0000000544.xml,232,58,0.25,57,0.98,0.98
BIOMD0000000593.xml,2,1,0.5,1,1.0,0.39
BIOMD0000000587.xml,35,12,0.34,5,0.42,0.76
BIOMD0000000008.xml,20,12,0.6,12,1.0,0.84
BIOMD0000000034.xml,34,29,0.85,28,0.97,0.73
BIOMD0000000752.xml,10,6,0.6,6,1.0,0.89
BIOMD0000000746.xml,17,12,0.71,12,1.0,0.82
BIOMD0000000020.xml,2,1,0.5,1,1.0,0.83
BIOMD0000000975.xml,69,13,0.19,13,1.0,1.0
BIOMD0000000961.xml,94,47,0.5,47,1.0,0.95
BIOMD0000000949.xml,27,,0.0,,,
BIOMD0000000791.xml,18,11,0.61,11,1.0,0.83
BIOMD0000000785.xml,9,3,0.33,2,0.67,0.59
BIOMD0000000784.xml,14,3,0.21,3,1.0,0.63
BIOMD0000000790.xml,20,11,0.55,11,1.0,0.8
BIOMD0000000948.xml,17,4,0.24,4,1.0,0.92
BIOMD0000000960.xml,21,,0.0,,,
BIOMD0000000974.xml,12,,0.0,,,
BIOMD0000000747.xml,63,1,0.02,1,1.0,1.0
BIOMD0000000021.xml,37,35,0.95,34,0.97,0.74
BIOMD0000000035.xml,28,22,0.79,20,0.91,0.68
BIOMD0000000753.xml,11,8,0.73,8,1.0,0.8
BIOMD0000000009.xml,48,30,0.62,30,1.0,0.92
BIOMD0000000586.xml,35,12,0.34,5,0.42,0.76
BIOMD0000000592.xml,2,1,0.5,1,1.0,0.39
BIOMD0000000223.xml,198,6,0.03,5,0.83,0.97
BIOMD0000000545.xml,26,8,0.31,8,1.0,1.0
BIOMD0000000551.xml,5,3,0.6,3,1.0,0.96
BIOMD0000000237.xml,59,59,1.0,58,0.98,0.87
BIOMD0000000579.xml,421,193,0.46,142,0.74,0.96
BIOMD0000000394.xml,36,21,0.58,19,0.9,0.89
BIOMD0000000380.xml,27,27,1.0,27,1.0,0.68
BIOMD0000000357.xml,19,5,0.26,4,0.8,1.0
BIOMD0000000431.xml,57,51,0.89,50,0.98,0.74
BIOMD0000000425.xml,7,2,0.29,1,0.5,0.83
BIOMD0000000343.xml,28,11,0.39,10,0.91,0.59
BIOMD0000000419.xml,11,5,0.45,1,0.2,0.45
BIOMD0000000828.xml,20,17,0.85,16,0.94,0.87
BIOMD0000000196.xml,26,20,0.77,16,0.8,0.75
BIOMD0000000182.xml,73,59,0.81,59,1.0,0.91
BIOMD0000000814.xml,10,5,0.5,5,1.0,0.9
BIOMD0000000800.xml,11,6,0.55,6,1.0,0.97
BIOMD0000000633.xml,90,78,0.87,78,1.0,0.99
BIOMD0000000155.xml,8,6,0.75,6,1.0,0.8
BIOMD0000000141.xml,2,2,1.0,1,0.5,1.0
BIOMD0000000627.xml,136,118,0.87,118,1.0,0.94
BIOMD0000000169.xml,40,3,0.08,3,1.0,0.88
BIOMD0000000619.xml,33,33,1.0,33,1.0,0.75
BIOMD0000000157.xml,11,9,0.82,8,0.89,0.78
BIOMD0000000631.xml,47,40,0.85,37,0.92,0.82
BIOMD0000000625.xml,59,55,0.93,51,0.93,0.93
BIOMD0000000143.xml,43,22,0.51,22,1.0,0.97
BIOMD0000000816.xml,26,16,0.62,15,0.94,0.89
BIOMD0000000802.xml,14,6,0.43,6,1.0,0.92
BIOMD0000000194.xml,10,10,1.0,10,1.0,0.84
BIOMD0000000180.xml,30,23,0.77,23,1.0,0.7
BIOMD0000000369.xml,9,1,0.11,1,1.0,1.0
BIOMD0000000433.xml,24,23,0.96,22,0.96,0.81
BIOMD0000000355.xml,31,31,1.0,28,0.9,0.76
BIOMD0000000341.xml,5,4,0.8,3,0.75,0.68
BIOMD0000000427.xml,45,21,0.47,21,1.0,0.99
BIOMD0000000396.xml,56,24,0.43,24,1.0,0.51
BIOMD0000000382.xml,8,6,0.75,3,0.5,0.91
BIOMD0000000209.xml,34,22,0.65,20,0.91,0.72
BIOMD0000000547.xml,31,12,0.39,12,1.0,0.98
BIOMD0000000221.xml,25,23,0.92,23,1.0,0.95
BIOMD0000000235.xml,1404,799,0.57,798,1.0,0.96
BIOMD0000000553.xml,9,4,0.44,4,1.0,1.0
BIOMD0000000584.xml,51,1,0.02,1,1.0,0.61
BIOMD0000000590.xml,31,18,0.58,9,0.5,1.0
BIOMD0000000779.xml,33,21,0.64,21,1.0,0.74
BIOMD0000000023.xml,26,25,0.96,24,0.96,0.95
BIOMD0000000745.xml,17,9,0.53,7,0.78,0.7
BIOMD0000000751.xml,7,4,0.57,3,0.75,0.94
BIOMD0000000989.xml,91,77,0.85,75,0.97,0.96
BIOMD0000000037.xml,26,8,0.31,7,0.88,0.84
BIOMD0000000962.xml,10,,0.0,,,
BIOMD0000000976.xml,11,,0.0,,,
BIOMD0000000786.xml,51,11,0.22,11,1.0,0.8
BIOMD0000000792.xml,22,12,0.55,12,1.0,0.65
BIOMD0000000793.xml,9,5,0.56,5,1.0,0.76
BIOMD0000000787.xml,8,4,0.5,3,0.75,0.79
BIOMD0000000977.xml,23,,0.0,,,
BIOMD0000000963.xml,7,,0.0,,,
BIOMD0000000988.xml,40,,0.0,,,
BIOMD0000000750.xml,35,28,0.8,28,1.0,0.82
BIOMD0000000036.xml,11,8,0.73,7,0.88,0.71
BIOMD0000000022.xml,49,43,0.88,42,0.98,0.73
BIOMD0000000744.xml,21,15,0.71,15,1.0,0.8
BIOMD0000000778.xml,13,8,0.62,7,0.88,0.86
BIOMD0000000591.xml,20,11,0.55,11,1.0,0.96
BIOMD0000000585.xml,30,1,0.03,1,1.0,0.97
BIOMD0000000234.xml,3,2,0.67,2,1.0,0.87
BIOMD0000000552.xml,9,4,0.44,4,1.0,1.0
BIOMD0000000546.xml,14,5,0.36,5,1.0,0.93
BIOMD0000000220.xml,103,30,0.29,30,1.0,0.99
BIOMD0000000208.xml,23,18,0.78,18,1.0,0.8
BIOMD0000000383.xml,12,6,0.5,6,1.0,0.95
BIOMD0000000397.xml,84,18,0.21,18,1.0,0.96
BIOMD0000000340.xml,172,32,0.19,32,1.0,0.98
BIOMD0000000426.xml,65,65,1.0,64,0.98,0.88
BIOMD0000000432.xml,24,23,0.96,22,0.96,0.81
BIOMD0000000354.xml,22,22,1.0,19,0.86,0.87
BIOMD0000000368.xml,10,1,0.1,1,1.0,1.0
BIOMD0000000181.xml,26,22,0.85,22,1.0,0.76
BIOMD0000000195.xml,33,26,0.79,24,0.92,0.73
BIOMD0000000803.xml,19,10,0.53,10,1.0,0.9
BIOMD0000000817.xml,23,13,0.57,12,0.92,0.88
BIOMD0000000624.xml,14,12,0.86,12,1.0,0.83
BIOMD0000000142.xml,2,2,1.0,1,0.5,1.0
BIOMD0000000156.xml,10,7,0.7,7,1.0,0.8
BIOMD0000000630.xml,22,19,0.86,19,1.0,0.97
BIOMD0000000618.xml,54,54,1.0,54,1.0,0.99
BIOMD0000000131.xml,2,2,1.0,1,0.5,1.0
BIOMD0000000657.xml,8,3,0.38,3,1.0,1.0
BIOMD0000000643.xml,8,4,0.5,4,1.0,0.96
BIOMD0000000125.xml,14,9,0.64,8,0.89,0.68
BIOMD0000000119.xml,4,3,0.75,2,0.67,0.92
BIOMD0000000680.xml,6,1,0.17,1,1.0,0.65
BIOMD0000000858.xml,32,25,0.78,25,1.0,0.99
BIOMD0000000870.xml,18,3,0.17,3,1.0,1.0
BIOMD0000000864.xml,18,,0.0,,,
BIOMD0000000455.xml,16,16,1.0,15,0.94,0.55
BIOMD0000000333.xml,101,47,0.47,47,1.0,0.83
BIOMD0000000327.xml,23,23,1.0,23,1.0,0.84
BIOMD0000000441.xml,23,22,0.96,21,0.95,0.82
BIOMD0000000469.xml,1188,1188,1.0,1186,1.0,0.7
BIOMD0000000496.xml,583,295,0.51,290,0.98,0.96
BIOMD0000000482.xml,56,26,0.46,25,0.96,0.94
BIOMD0000000521.xml,7,1,0.14,1,1.0,1.0
BIOMD0000000247.xml,59,59,1.0,57,0.97,0.89
BIOMD0000000253.xml,12,12,1.0,12,1.0,0.7
BIOMD0000000535.xml,118,14,0.12,14,1.0,1.0
BIOMD0000000509.xml,18,6,0.33,5,0.83,1.0
BIOMD0000000284.xml,19,19,1.0,18,0.95,0.49
BIOMD0000000290.xml,19,14,0.74,13,0.93,0.83
BIOMD0000000045.xml,17,16,0.94,16,1.0,0.86
BIOMD0000000723.xml,100,22,0.22,22,1.0,0.99
BIOMD0000000737.xml,42,25,0.6,25,1.0,0.72
BIOMD0000000051.xml,69,57,0.83,55,0.96,0.92
BIOMD0000000079.xml,11,7,0.64,7,1.0,0.87
BIOMD0000000086.xml,43,31,0.72,30,0.97,0.62
BIOMD0000000938.xml,15,9,0.6,9,1.0,0.91
BIOMD0000000092.xml,9,6,0.67,5,0.83,0.47
BIOMD0000000904.xml,13,,0.0,,,
BIOMD0000000910.xml,10,5,0.5,5,1.0,0.84
BIOMD0000000911.xml,11,6,0.55,5,0.83,0.79
BIOMD0000000905.xml,17,,0.0,,,
BIOMD0000000093.xml,83,61,0.73,58,0.95,0.78
BIOMD0000000087.xml,101,82,0.81,69,0.84,0.81
BIOMD0000000939.xml,189,147,0.78,147,1.0,0.85
BIOMD0000000078.xml,66,49,0.74,46,0.94,0.68
BIOMD0000000736.xml,42,28,0.67,28,1.0,0.71
BIOMD0000000050.xml,32,9,0.28,6,0.67,0.86
BIOMD0000000044.xml,16,16,1.0,16,1.0,0.9
BIOMD0000000722.xml,22,1,0.05,1,1.0,1.0
BIOMD0000000291.xml,12,11,0.92,11,1.0,0.74
BIOMD0000000285.xml,101,3,0.03,2,0.67,0.9
BIOMD0000000508.xml,18,6,0.33,5,0.83,1.0
BIOMD0000000252.xml,6,4,0.67,4,1.0,0.99
BIOMD0000000534.xml,117,13,0.11,13,1.0,1.0
BIOMD0000000520.xml,12,1,0.08,1,1.0,0.72
BIOMD0000000246.xml,75,72,0.96,69,0.96,0.89
BIOMD0000000483.xml,18,14,0.78,13,0.93,0.71
BIOMD0000000497.xml,583,295,0.51,290,0.98,0.96
BIOMD0000001004.xml,30,28,0.93,28,1.0,0.97
BIOMD0000000468.xml,158,51,0.32,48,0.94,0.98
BIOMD0000000326.xml,164,159,0.97,157,0.99,0.78
BIOMD0000000440.xml,23,23,1.0,22,0.96,0.81
BIOMD0000000454.xml,14,14,1.0,13,0.93,0.56
BIOMD0000000332.xml,149,72,0.48,71,0.99,0.84
BIOMD0000000865.xml,14,4,0.29,4,1.0,1.0
BIOMD0000000871.xml,23,4,0.17,4,1.0,1.0
BIOMD0000000859.xml,40,30,0.75,30,1.0,0.99
BIOMD0000000681.xml,6,1,0.17,1,1.0,0.65
BIOMD0000000695.xml,50,,0.0,,,
BIOMD0000000118.xml,2,2,1.0,1,0.5,0.83
BIOMD0000000642.xml,6,3,0.5,1,0.33,1.0
BIOMD0000000124.xml,6,6,1.0,5,0.83,0.81
BIOMD0000000130.xml,2,2,1.0,1,0.5,1.0
BIOMD0000000656.xml,118,101,0.86,100,0.99,0.78
BIOMD0000000126.xml,22,22,1.0,21,0.95,0.87
BIOMD0000000898.xml,15,,0.0,,,
BIOMD0000000640.xml,95,4,0.04,4,1.0,0.96
BIOMD0000000654.xml,119,104,0.87,100,0.96,0.77
BIOMD0000000132.xml,2,2,1.0,1,0.5,1.0
BIOMD0000000668.xml,26,,0.0,,,
BIOMD0000000683.xml,15,1,0.07,1,1.0,0.76
BIOMD0000000697.xml,48,11,0.23,11,1.0,0.58
BIOMD0000000867.xml,43,13,0.3,13,1.0,1.0
BIOMD0000000873.xml,84,,0.0,,,
BIOMD0000000442.xml,27,27,1.0,26,0.96,0.81
BIOMD0000000324.xml,2,2,1.0,2,1.0,0.79
BIOMD0000000330.xml,9,9,1.0,9,1.0,0.87
BIOMD0000000456.xml,19,19,1.0,18,0.95,0.55
BIOMD0000000318.xml,26,25,0.96,23,0.92,0.81
BIOMD0000000481.xml,72,40,0.56,40,1.0,0.99
BIOMD0000000495.xml,30,12,0.4,12,1.0,0.88
BIOMD0000000536.xml,110,14,0.13,14,1.0,1.0
BIOMD0000000250.xml,131,46,0.35,45,0.98,0.99
BIOMD0000000244.xml,159,57,0.36,52,0.91,0.9
BIOMD0000000522.xml,18,10,0.56,8,0.8,0.98
BIOMD0000000278.xml,5,5,1.0,5,1.0,0.33
BIOMD0000000293.xml,454,186,0.41,186,1.0,0.78
BIOMD0000000287.xml,62,62,1.0,61,0.98,0.72
BIOMD0000000052.xml,24,6,0.25,5,0.83,0.9
BIOMD0000000734.xml,78,59,0.76,59,1.0,0.67
BIOMD0000000720.xml,36,5,0.14,5,1.0,1.0
BIOMD0000000046.xml,33,11,0.33,11,1.0,0.99
BIOMD0000000708.xml,19,,0.0,,,
BIOMD0000000091.xml,41,29,0.71,28,0.97,0.58
BIOMD0000000085.xml,36,25,0.69,24,0.96,0.68
BIOMD0000000913.xml,20,13,0.65,12,0.92,0.77
BIOMD0000000907.xml,61,,0.0,,,
BIOMD0000000906.xml,11,,0.0,,,
BIOMD0000000912.xml,11,6,0.55,5,0.83,0.9
BIOMD0000000084.xml,18,18,1.0,18,1.0,0.96
BIOMD0000000090.xml,51,37,0.73,36,0.97,0.95
BIOMD0000000709.xml,19,,0.0,,,
BIOMD0000000721.xml,17,1,0.06,1,1.0,1.0
BIOMD0000000047.xml,8,8,1.0,8,1.0,0.88
BIOMD0000000053.xml,20,3,0.15,2,0.67,0.95
BIOMD0000000735.xml,78,59,0.76,59,1.0,0.67
BIOMD0000000286.xml,154,153,0.99,147,0.96,0.77
BIOMD0000000292.xml,12,12,1.0,12,1.0,0.86
BIOMD0000000279.xml,5,2,0.4,2,1.0,0.86
BIOMD0000000245.xml,34,33,0.97,30,0.91,0.73
BIOMD0000000523.xml,33,10,0.3,9,0.9,0.94
BIOMD0000000537.xml,122,15,0.12,15,1.0,1.0
BIOMD0000000251.xml,21,17,0.81,16,0.94,0.82
BIOMD0000000494.xml,153,62,0.41,57,0.92,1.0
BIOMD0000000480.xml,134,7,0.05,5,0.71,0.84
BIOMD0000000319.xml,9,9,1.0,9,1.0,0.56
BIOMD0000000331.xml,11,11,1.0,10,0.91,0.83
BIOMD0000000457.xml,309,23,0.07,23,1.0,0.92
BIOMD0000000443.xml,43,43,1.0,42,0.98,0.83
BIOMD0000000325.xml,18,17,0.94,14,0.82,0.83
BIOMD0000000872.xml,27,,0.0,,,
BIOMD0000000866.xml,10,3,0.3,3,1.0,1.0
BIOMD0000000696.xml,35,8,0.23,8,1.0,0.54
BIOMD0000000682.xml,2,1,0.5,1,1.0,0.64
BIOMD0000000669.xml,9,,0.0,,,
BIOMD0000000655.xml,119,104,0.87,100,0.96,0.77
BIOMD0000000133.xml,2,2,1.0,1,0.5,1.0
BIOMD0000000127.xml,2,2,1.0,1,0.5,0.75
BIOMD0000000641.xml,14,13,0.93,11,0.85,0.97
BIOMD0000000899.xml,22,3,0.14,2,0.67,1.0
BIOMD0000000679.xml,14,1,0.07,1,1.0,0.65
BIOMD0000000645.xml,8,4,0.5,4,1.0,0.96
BIOMD0000000123.xml,34,30,0.88,30,1.0,0.84
BIOMD0000000137.xml,44,40,0.91,38,0.95,0.89
BIOMD0000000889.xml,34,,0.0,,,
BIOMD0000000651.xml,47,23,0.49,23,1.0,1.0
BIOMD0000000862.xml,22,,0.0,,,
BIOMD0000000876.xml,15,6,0.4,6,1.0,0.72
BIOMD0000000686.xml,2,1,0.5,1,1.0,0.73
BIOMD0000000692.xml,15,6,0.4,5,0.83,0.93
BIOMD0000001003.xml,92,78,0.85,77,0.99,0.96
BIOMD0000000309.xml,10,10,1.0,9,0.9,0.74
BIOMD0000000321.xml,13,13,1.0,12,0.92,0.91
BIOMD0000000447.xml,47,10,0.21,9,0.9,0.99
BIOMD0000000453.xml,228,38,0.17,37,0.97,0.99
BIOMD0000000335.xml,67,17,0.25,17,1.0,1.0
BIOMD0000000484.xml,6,4,0.67,4,1.0,0.83
BIOMD0000000490.xml,116,30,0.26,30,1.0,0.9
BIOMD0000000269.xml,43,43,1.0,39,0.91,0.8
BIOMD0000000255.xml,1338,31,0.02,28,0.9,0.95
BIOMD0000000533.xml,13,12,0.92,12,1.0,0.99
BIOMD0000000527.xml,3,1,0.33,1,1.0,0.74
BIOMD0000000241.xml,11,11,1.0,9,0.82,0.78
BIOMD0000000296.xml,17,17,1.0,16,0.94,0.63
BIOMD0000000282.xml,11,11,1.0,10,0.91,0.73
BIOMD0000000719.xml,18,11,0.61,11,1.0,0.68
BIOMD0000000731.xml,45,5,0.11,5,1.0,1.0
BIOMD0000000057.xml,13,7,0.54,7,1.0,0.96
BIOMD0000000043.xml,16,14,0.88,14,1.0,0.89
BIOMD0000000725.xml,84,81,0.96,81,1.0,1.0
BIOMD0000000916.xml,11,,0.0,,,
BIOMD0000000902.xml,13,4,0.31,3,0.75,0.73
BIOMD0000000094.xml,82,59,0.72,56,0.95,0.78
BIOMD0000000080.xml,18,11,0.61,8,0.73,0.74
BIOMD0000000081.xml,42,24,0.57,23,0.96,0.93
BIOMD0000000095.xml,68,65,0.96,58,0.89,0.78
BIOMD0000000903.xml,17,,0.0,,,
BIOMD0000000917.xml,8,1,0.12,1,1.0,0.84
BIOMD0000000042.xml,42,34,0.81,32,0.94,0.96
BIOMD0000000724.xml,69,58,0.84,52,0.9,1.0
BIOMD0000000730.xml,155,32,0.21,32,1.0,1.0
BIOMD0000000056.xml,150,132,0.88,117,0.89,0.8
BIOMD0000000718.xml,47,7,0.15,7,1.0,0.9
BIOMD0000000283.xml,8,7,0.88,6,0.86,0.93
BIOMD0000000297.xml,72,72,1.0,70,0.97,0.69
BIOMD0000000526.xml,39,10,0.26,9,0.9,0.94
BIOMD0000000240.xml,22,22,1.0,20,0.91,0.84
BIOMD0000000254.xml,6,6,1.0,3,0.5,0.85
BIOMD0000000532.xml,6,1,0.17,1,1.0,0.93
BIOMD0000000268.xml,110,91,0.83,88,0.97,0.95
BIOMD0000000491.xml,147,42,0.29,41,0.98,0.98
BIOMD0000000485.xml,8,4,0.5,4,1.0,0.72
BIOMD0000000452.xml,228,39,0.17,38,0.97,0.99
BIOMD0000000334.xml,142,68,0.48,68,1.0,0.84
BIOMD0000000320.xml,31,31,1.0,27,0.87,0.88
BIOMD0000000446.xml,94,6,0.06,6,1.0,0.98
BIOMD0000000308.xml,14,14,1.0,13,0.93,0.78
BIOMD0000001002.xml,92,78,0.85,77,0.99,0.96
BIOMD0000000693.xml,29,2,0.07,1,0.5,0.67
BIOMD0000000687.xml,42,21,0.5,20,0.95,0.59
BIOMD0000000877.xml,15,6,0.4,6,1.0,0.79
BIOMD0000000863.xml,21,11,0.52,11,1.0,0.75
BIOMD0000000136.xml,2,2,1.0,1,0.5,1.0
BIOMD0000000650.xml,5,,0.0,,,
BIOMD0000000888.xml,14,,0.0,,,
BIOMD0000000644.xml,8,4,0.5,4,1.0,0.96
BIOMD0000000122.xml,34,30,0.88,30,1.0,0.8
BIOMD0000000678.xml,10,8,0.8,8,1.0,0.84
BIOMD0000000108.xml,28,13,0.46,12,0.92,0.8
BIOMD0000000652.xml,119,102,0.86,101,0.99,0.77
BIOMD0000000134.xml,2,2,1.0,1,0.5,1.0
BIOMD0000000120.xml,17,16,0.94,15,0.94,0.87
BIOMD0000000646.xml,44,17,0.39,17,1.0,0.78
BIOMD0000000875.xml,14,1,0.07,1,1.0,0.74
BIOMD0000000861.xml,65,37,0.57,37,1.0,0.76
BIOMD0000000691.xml,41,25,0.61,25,1.0,0.95
BIOMD0000000849.xml,50,,0.0,,,
BIOMD0000000685.xml,2,1,0.5,1,1.0,0.61
BIOMD0000000478.xml,74,16,0.22,15,0.94,1.0
BIOMD0000001000.xml,92,78,0.85,77,0.99,0.96
BIOMD0000000336.xml,40,12,0.3,12,1.0,1.0
BIOMD0000000450.xml,132,99,0.75,96,0.97,0.96
BIOMD0000000444.xml,42,42,1.0,41,0.98,0.83
BIOMD0000000322.xml,15,6,0.4,1,0.17,0.31
BIOMD0000000493.xml,11,2,0.18,2,1.0,0.84
BIOMD0000000487.xml,14,14,1.0,12,0.86,0.63
BIOMD0000000518.xml,15,1,0.07,1,1.0,0.72
BIOMD0000000242.xml,20,17,0.85,14,0.82,0.77
BIOMD0000000524.xml,33,10,0.3,9,0.9,0.94
BIOMD0000000530.xml,29,4,0.14,4,1.0,0.8
BIOMD0000000256.xml,86,86,1.0,84,0.98,0.69
BIOMD0000000281.xml,56,56,1.0,53,0.95,0.9
BIOMD0000000295.xml,16,16,1.0,16,1.0,0.72
BIOMD0000000068.xml,14,13,0.93,12,0.92,1.0
BIOMD0000000726.xml,34,8,0.24,8,1.0,1.0
BIOMD0000000040.xml,12,3,0.25,3,1.0,0.92
BIOMD0000000054.xml,10,4,0.4,3,0.75,0.87
BIOMD0000000732.xml,13,4,0.31,4,1.0,0.94
BIOMD0000000901.xml,5,,0.0,,,
BIOMD0000000915.xml,19,,0.0,,,
BIOMD0000000083.xml,78,60,0.77,56,0.93,0.69
BIOMD0000000097.xml,68,65,0.96,58,0.89,0.78
BIOMD0000000929.xml,31,8,0.26,8,1.0,0.65
BIOMD0000000096.xml,68,65,0.96,58,0.89,0.78
BIOMD0000000928.xml,19,13,0.68,13,1.0,1.0
BIOMD0000000082.xml,18,11,0.61,8,0.73,0.74
BIOMD0000000914.xml,16,2,0.12,2,1.0,0.88
BIOMD0000000900.xml,11,,0.0,,,
BIOMD0000000055.xml,47,47,1.0,45,0.96,0.77
BIOMD0000000733.xml,11,,0.0,,,
BIOMD0000000727.xml,89,20,0.22,20,1.0,0.96
BIOMD0000000041.xml,22,22,1.0,22,1.0,0.94
BIOMD0000000069.xml,19,17,0.89,16,0.94,0.86
BIOMD0000000294.xml,39,39,1.0,29,0.74,0.18
BIOMD0000000280.xml,2,1,0.5,1,1.0,0.74
BIOMD0000000531.xml,3,2,0.67,2,1.0,0.97
BIOMD0000000257.xml,24,24,1.0,24,1.0,0.44
BIOMD0000000243.xml,48,40,0.83,39,0.98,0.66
BIOMD0000000525.xml,39,10,0.26,9,0.9,0.94
BIOMD0000000519.xml,12,1,0.08,1,1.0,0.72
BIOMD0000000486.xml,6,4,0.67,4,1.0,0.37
BIOMD0000000492.xml,144,40,0.28,38,0.95,0.98
BIOMD0000000445.xml,100,91,0.91,90,0.99,0.77
BIOMD0000000323.xml,11,5,0.45,1,0.2,0.31
BIOMD0000000337.xml,10,8,0.8,6,0.75,0.83
BIOMD0000000451.xml,150,70,0.47,69,0.99,1.0
BIOMD0000000479.xml,74,26,0.35,20,0.77,0.73
BIOMD0000001001.xml,92,78,0.85,77,0.99,0.96
BIOMD0000000684.xml,2,1,0.5,1,1.0,0.61
BIOMD0000000848.xml,32,16,0.5,16,1.0,0.86
BIOMD0000000690.xml,29,23,0.79,23,1.0,0.94
BIOMD0000000860.xml,11,,0.0,,,
BIOMD0000000874.xml,14,1,0.07,1,1.0,0.76
BIOMD0000000121.xml,13,12,0.92,11,0.92,0.7
BIOMD0000000647.xml,24,16,0.67,16,1.0,0.66
BIOMD0000000653.xml,118,103,0.87,102,0.99,0.77
BIOMD0000000135.xml,2,2,1.0,1,0.5,1.0
BIOMD0000000109.xml,197,141,0.72,140,0.99,0.63
BIOMD0000000110.xml,39,27,0.69,26,0.96,0.63
BIOMD0000000676.xml,34,7,0.21,7,1.0,0.93
BIOMD0000000662.xml,17,7,0.41,7,1.0,0.55
BIOMD0000000104.xml,10,10,1.0,6,0.6,0.89
BIOMD0000000892.xml,14,,0.0,,,
BIOMD0000000886.xml,17,,0.0,,,
BIOMD0000000138.xml,4,4,1.0,3,0.75,0.82
BIOMD0000000879.xml,16,7,0.44,7,1.0,0.74
BIOMD0000000689.xml,29,23,0.79,23,1.0,0.94
BIOMD0000000851.xml,11,,0.0,,,
BIOMD0000000845.xml,12,6,0.5,6,1.0,0.75
BIOMD0000000474.xml,506,96,0.19,96,1.0,0.98
BIOMD0000000312.xml,9,9,1.0,8,0.89,0.61
BIOMD0000000306.xml,15,15,1.0,14,0.93,0.69
BIOMD0000000460.xml,9,7,0.78,4,0.57,0.55
BIOMD0000000448.xml,63,24,0.38,23,0.96,0.98
BIOMD0000000500.xml,35,17,0.49,16,0.94,0.63
BIOMD0000000266.xml,11,11,1.0,11,1.0,0.83
BIOMD0000000272.xml,18,18,1.0,15,0.83,0.89
BIOMD0000000514.xml,85,46,0.54,45,0.98,0.95
BIOMD0000000528.xml,29,9,0.31,9,1.0,0.9
BIOMD0000000299.xml,6,6,1.0,6,1.0,0.76
BIOMD0000000064.xml,46,42,0.91,40,0.95,0.96
BIOMD0000000702.xml,87,52,0.6,52,1.0,0.58
BIOMD0000000716.xml,17,,0.0,,,
BIOMD0000000070.xml,85,68,0.8,63,0.93,0.98
BIOMD0000000058.xml,17,15,0.88,15,1.0,0.88
BIOMD0000000919.xml,9,1,0.11,1,1.0,1.0
BIOMD0000000925.xml,34,1,0.03,1,1.0,1.0
BIOMD0000000931.xml,11,,0.0,,,
BIOMD0000000930.xml,20,,0.0,,,
BIOMD0000000924.xml,19,,0.0,,,
BIOMD0000000918.xml,17,,0.0,,,
BIOMD0000000059.xml,27,23,0.85,22,0.96,0.9
BIOMD0000000717.xml,17,,0.0,,,
BIOMD0000000071.xml,46,42,0.91,39,0.93,0.98
BIOMD0000000065.xml,27,23,0.85,22,0.96,0.84
BIOMD0000000703.xml,35,8,0.23,8,1.0,0.95
BIOMD0000000298.xml,12,11,0.92,11,1.0,0.77
BIOMD0000000529.xml,29,8,0.28,8,1.0,0.89
BIOMD0000000273.xml,59,59,1.0,56,0.95,0.81
BIOMD0000000515.xml,95,50,0.53,49,0.98,0.93
BIOMD0000000501.xml,94,37,0.39,37,1.0,0.6
BIOMD0000000267.xml,11,6,0.55,5,0.83,0.92
BIOMD0000000449.xml,63,24,0.38,23,0.96,0.98
BIOMD0000000307.xml,12,12,1.0,11,0.92,0.74
BIOMD0000000461.xml,9,8,0.89,5,0.62,0.55
BIOMD0000000475.xml,50,47,0.94,46,0.98,0.78
BIOMD0000000313.xml,34,34,1.0,33,0.97,0.97
BIOMD0000000844.xml,21,10,0.48,10,1.0,0.77
BIOMD0000000850.xml,9,2,0.22,2,1.0,0.77
BIOMD0000000688.xml,48,23,0.48,22,0.96,0.6
BIOMD0000000878.xml,11,1,0.09,1,1.0,0.89
BIOMD0000000887.xml,16,7,0.44,6,0.86,0.61
BIOMD0000000139.xml,72,55,0.76,51,0.93,0.67
BIOMD0000000893.xml,11,3,0.27,3,1.0,1.0
BIOMD0000000663.xml,14,4,0.29,4,1.0,0.71
BIOMD0000000105.xml,135,100,0.74,99,0.99,0.55
BIOMD0000000111.xml,31,26,0.84,22,0.85,0.81
BIOMD0000000677.xml,2,1,0.5,1,1.0,0.64
BIOMD0000000107.xml,39,28,0.72,28,1.0,0.89
BIOMD0000000661.xml,28,7,0.25,5,0.71,0.92
BIOMD0000000675.xml,23,19,0.83,18,0.95,0.98
BIOMD0000000113.xml,14,12,0.86,12,1.0,0.8
BIOMD0000000885.xml,14,,0.0,,,
BIOMD0000000891.xml,11,,0.0,,,
BIOMD0000000846.xml,12,6,0.5,6,1.0,0.75
BIOMD0000000852.xml,23,13,0.57,12,0.92,0.77
BIOMD0000000463.xml,91,33,0.36,28,0.85,0.79
BIOMD0000000305.xml,15,15,1.0,15,1.0,0.96
BIOMD0000000311.xml,11,11,1.0,10,0.91,0.7
BIOMD0000000477.xml,95,37,0.39,37,1.0,0.95
BIOMD0000000339.xml,171,32,0.19,32,1.0,0.98
BIOMD0000000488.xml,183,21,0.11,20,0.95,0.97
BIOMD0000000517.xml,15,1,0.07,1,1.0,0.72
BIOMD0000000271.xml,18,18,1.0,14,0.78,0.88
BIOMD0000000265.xml,77,12,0.16,11,0.92,0.96
BIOMD0000000503.xml,113,112,0.99,112,1.0,0.8
BIOMD0000000259.xml,49,47,0.96,47,1.0,0.75
BIOMD0000000073.xml,66,53,0.8,51,0.96,0.69
BIOMD0000000715.xml,18,,0.0,,,
BIOMD0000000701.xml,87,54,0.62,54,1.0,0.59
BIOMD0000000067.xml,23,16,0.7,16,1.0,0.87
BIOMD0000000729.xml,12,1,0.08,,0.0,
BIOMD0000000932.xml,11,,0.0,,,
BIOMD0000000926.xml,36,,0.0,,,
BIOMD0000000098.xml,11,11,1.0,11,1.0,0.82
BIOMD0000000927.xml,19,13,0.68,13,1.0,1.0
BIOMD0000000099.xml,24,20,0.83,18,0.9,0.87
BIOMD0000000933.xml,8,,0.0,,,
BIOMD0000000728.xml,9,1,0.11,1,1.0,1.0
BIOMD0000000700.xml,81,25,0.31,24,0.96,0.86
BIOMD0000000066.xml,20,20,1.0,19,0.95,0.96
BIOMD0000000072.xml,16,13,0.81,11,0.85,0.77
BIOMD0000000714.xml,16,1,0.06,,0.0,
BIOMD0000000258.xml,9,4,0.44,4,1.0,0.9
BIOMD0000000264.xml,31,30,0.97,29,0.97,0.89
BIOMD0000000502.xml,34,33,0.97,33,1.0,0.69
BIOMD0000000516.xml,94,48,0.51,47,0.98,0.94
BIOMD0000000270.xml,77,76,0.99,75,0.99,0.97
BIOMD0000000489.xml,114,33,0.29,32,0.97,0.99
BIOMD0000000338.xml,171,32,0.19,32,1.0,0.98
BIOMD0000000310.xml,12,12,1.0,11,0.92,0.68
BIOMD0000000476.xml,54,54,1.0,48,0.89,0.78
BIOMD0000000462.xml,16,7,0.44,7,1.0,0.88
BIOMD0000000304.xml,7,6,0.86,5,0.83,0.86
BIOMD0000000853.xml,32,1,0.03,1,1.0,1.0
BIOMD0000000847.xml,12,4,0.33,4,1.0,0.98
BIOMD0000000648.xml,120,103,0.86,102,0.99,0.77
BIOMD0000000890.xml,11,3,0.27,3,1.0,0.96
BIOMD0000000884.xml,11,,0.0,,,
BIOMD0000000674.xml,131,99,0.76,96,0.97,0.96
BIOMD0000000112.xml,21,12,0.57,10,0.83,0.79
BIOMD0000000106.xml,59,57,0.97,56,0.98,0.81
BIOMD0000000660.xml,57,43,0.75,43,1.0,0.79
BIOMD0000000880.xml,17,4,0.24,4,1.0,0.65
BIOMD0000000658.xml,36,20,0.56,19,0.95,0.92
BIOMD0000000894.xml,11,,0.0,,,
BIOMD0000000664.xml,25,13,0.52,13,1.0,0.95
BIOMD0000000102.xml,43,36,0.84,31,0.86,0.73
BIOMD0000000116.xml,18,18,1.0,17,0.94,0.96
BIOMD0000000670.xml,5,1,0.2,,0.0,
BIOMD0000000843.xml,27,7,0.26,7,1.0,1.0
BIOMD0000000857.xml,32,25,0.78,25,1.0,0.99
BIOMD0000000328.xml,51,51,1.0,50,0.98,0.67
BIOMD0000000300.xml,28,27,0.96,26,0.96,0.72
BIOMD0000000466.xml,66,29,0.44,26,0.9,0.95
BIOMD0000000472.xml,942,942,1.0,939,1.0,0.82
BIOMD0000000314.xml,26,26,1.0,25,0.96,0.97
BIOMD0000000499.xml,28,24,0.86,22,0.92,0.99
BIOMD0000000248.xml,17,17,1.0,17,1.0,0.86
BIOMD0000000274.xml,5,5,1.0,5,1.0,0.5
BIOMD0000000512.xml,120,36,0.3,33,0.92,0.97
BIOMD0000000506.xml,116,57,0.49,57,1.0,0.68
BIOMD0000000260.xml,49,48,0.98,48,1.0,0.75
BIOMD0000000738.xml,42,28,0.67,28,1.0,0.71
BIOMD0000000710.xml,25,10,0.4,10,1.0,0.98
BIOMD0000000076.xml,7,7,1.0,7,1.0,0.93
BIOMD0000000062.xml,11,8,0.73,7,0.88,0.89
BIOMD0000000704.xml,52,15,0.29,15,1.0,0.58
BIOMD0000000937.xml,11,3,0.27,3,1.0,1.0
BIOMD0000000089.xml,54,54,1.0,48,0.89,0.77
BIOMD0000000923.xml,10,,0.0,,,
BIOMD0000000922.xml,8,,0.0,,,
BIOMD0000000936.xml,5,1,0.2,1,1.0,1.0
BIOMD0000000088.xml,219,156,0.71,150,0.96,0.9
BIOMD0000000063.xml,20,16,0.8,14,0.88,0.89
BIOMD0000000705.xml,110,59,0.54,59,1.0,0.75
BIOMD0000000711.xml,39,10,0.26,10,1.0,0.81
BIOMD0000000077.xml,15,9,0.6,8,0.89,0.65
BIOMD0000000739.xml,49,1,0.02,1,1.0,1.0
BIOMD0000000507.xml,9,9,1.0,9,1.0,0.91
BIOMD0000000261.xml,49,48,0.98,48,1.0,0.75
BIOMD0000000275.xml,16,16,1.0,16,1.0,0.91
BIOMD0000000513.xml,56,32,0.57,31,0.97,0.92
BIOMD0000000249.xml,31,31,1.0,23,0.74,0.17
BIOMD0000000498.xml,68,66,0.97,66,1.0,0.98
BIOMD0000000473.xml,1014,1014,1.0,1011,1.0,0.82
BIOMD0000000315.xml,49,49,1.0,49,1.0,0.85
BIOMD0000000301.xml,25,24,0.96,23,0.96,0.9
BIOMD0000000467.xml,47,21,0.45,19,0.9,1.0
BIOMD0000000329.xml,13,5,0.38,4,0.8,0.9
BIOMD0000000856.xml,56,,0.0,,,
BIOMD0000000842.xml,49,12,0.24,12,1.0,0.98
BIOMD0000000117.xml,12,12,1.0,11,0.92,0.8
BIOMD0000000671.xml,9,,0.0,,,
BIOMD0000000665.xml,23,16,0.7,13,0.81,0.94
BIOMD0000000103.xml,61,50,0.82,45,0.9,0.63
BIOMD0000000895.xml,40,17,0.42,17,1.0,0.67
BIOMD0000000659.xml,10,10,1.0,10,1.0,0.9
BIOMD0000000881.xml,16,10,0.62,10,1.0,0.9
BIOMD0000000897.xml,8,,0.0,,,
BIOMD0000000129.xml,2,2,1.0,1,0.5,1.0
BIOMD0000000883.xml,162,44,0.27,44,1.0,0.99
BIOMD0000000673.xml,2,,0.0,,,
BIOMD0000000115.xml,11,11,1.0,11,1.0,0.82
BIOMD0000000101.xml,22,20,0.91,20,1.0,0.87
BIOMD0000000667.xml,253,180,0.71,179,0.99,0.69
BIOMD0000000854.xml,13,3,0.23,3,1.0,0.64
BIOMD0000000698.xml,18,7,0.39,6,0.86,0.96
BIOMD0000000840.xml,18,,0.0,,,
BIOMD0000000868.xml,12,3,0.25,3,1.0,1.0
BIOMD0000000459.xml,9,7,0.78,4,0.57,0.55
BIOMD0000000317.xml,12,12,1.0,12,1.0,0.69
BIOMD0000000465.xml,31,10,0.32,9,0.9,0.98
BIOMD0000000303.xml,89,89,1.0,89,1.0,0.94
BIOMD0000000539.xml,19,15,0.79,15,1.0,0.63
BIOMD0000000263.xml,24,23,0.96,22,0.96,0.88
BIOMD0000000505.xml,116,56,0.48,56,1.0,0.69
BIOMD0000000511.xml,86,46,0.53,44,0.96,0.95
BIOMD0000000277.xml,6,6,1.0,6,1.0,0.84
BIOMD0000000288.xml,34,20,0.59,17,0.85,0.79
BIOMD0000000049.xml,252,171,0.68,157,0.92,0.82
BIOMD0000000707.xml,17,7,0.41,7,1.0,0.93
BIOMD0000000061.xml,52,45,0.87,39,0.87,0.92
BIOMD0000000075.xml,27,23,0.85,22,0.96,0.72
BIOMD0000000713.xml,14,1,0.07,1,1.0,0.76
BIOMD0000000920.xml,10,3,0.3,2,0.67,0.61
BIOMD0000000934.xml,37,21,0.57,20,0.95,0.92
BIOMD0000000908.xml,22,,0.0,,,
BIOMD0000000909.xml,14,1,0.07,1,1.0,0.87
BIOMD0000000935.xml,8,2,0.25,2,1.0,1.0
BIOMD0000000921.xml,20,,0.0,,,
BIOMD0000000074.xml,78,59,0.76,55,0.93,0.68
BIOMD0000000712.xml,12,,0.0,,,
BIOMD0000000706.xml,190,110,0.58,109,0.99,0.78
BIOMD0000000060.xml,9,9,1.0,8,0.89,0.97
BIOMD0000000048.xml,50,27,0.54,21,0.78,0.94
BIOMD0000000289.xml,19,14,0.74,13,0.93,0.83
BIOMD0000000510.xml,87,46,0.53,45,0.98,0.94
BIOMD0000000276.xml,6,6,1.0,6,1.0,0.84
BIOMD0000000262.xml,24,23,0.96,22,0.96,0.87
BIOMD0000000504.xml,212,53,0.25,53,1.0,0.96
BIOMD0000000538.xml,5,1,0.2,1,1.0,0.83
BIOMD0000000464.xml,28,17,0.61,15,0.88,0.97
BIOMD0000000302.xml,3,2,0.67,2,1.0,0.84
BIOMD0000000316.xml,9,9,1.0,9,1.0,0.73
BIOMD0000000470.xml,1188,1188,1.0,1186,1.0,0.7
BIOMD0000000458.xml,12,12,1.0,12,1.0,0.73
BIOMD0000000869.xml,14,3,0.21,3,1.0,1.0
BIOMD0000000841.xml,17,5,0.29,5,1.0,0.96
BIOMD0000000699.xml,87,66,0.76,66,1.0,0.64
BIOMD0000000855.xml,18,10,0.56,10,1.0,0.83
BIOMD0000000100.xml,19,19,1.0,19,1.0,0.91
BIOMD0000000666.xml,98,39,0.4,8,0.21,0.99
BIOMD0000000672.xml,2,1,0.5,1,1.0,0.87
BIOMD0000000114.xml,10,10,1.0,10,1.0,0.79
BIOMD0000000882.xml,11,,0.0,,,
BIOMD0000000896.xml,26,10,0.38,10,1.0,1.0
BIOMD0000000128.xml,8,8,1.0,6,0.75,0.87
BIOMD0000000615.xml,23,6,0.26,6,1.0,0.9
BIOMD0000000173.xml,55,50,0.91,49,0.98,0.58
BIOMD0000000167.xml,20,16,0.8,16,1.0,0.88
BIOMD0000000601.xml,11,10,0.91,10,1.0,0.95
BIOMD0000000629.xml,9,8,0.89,6,0.75,0.78
BIOMD0000000832.xml,48,25,0.52,24,0.96,1.0
BIOMD0000000198.xml,21,20,0.95,20,1.0,0.99
BIOMD0000000826.xml,40,9,0.22,9,1.0,0.94
BIOMD0000000371.xml,5,2,0.4,1,0.5,0.94
BIOMD0000000417.xml,5,3,0.6,1,0.33,0.45
BIOMD0000000403.xml,6,4,0.67,4,1.0,0.42
BIOMD0000000365.xml,65,2,0.03,2,1.0,1.0
BIOMD0000000359.xml,19,4,0.21,4,1.0,1.0
BIOMD0000000205.xml,401,148,0.37,144,0.97,0.77
BIOMD0000000563.xml,28,1,0.04,1,1.0,0.38
BIOMD0000000577.xml,100,1,0.01,1,1.0,0.7
BIOMD0000000211.xml,52,52,1.0,51,0.98,0.98
BIOMD0000000239.xml,109,71,0.65,67,0.94,0.98
BIOMD0000000588.xml,236,1,0.0,1,1.0,1.0
BIOMD0000000761.xml,22,15,0.68,15,1.0,0.98
BIOMD0000000007.xml,49,29,0.59,28,0.97,0.81
BIOMD0000000013.xml,51,51,1.0,51,1.0,0.99
BIOMD0000000775.xml,16,10,0.62,10,1.0,0.82
BIOMD0000000985.xml,18,6,0.33,6,1.0,0.55
BIOMD0000000749.xml,15,10,0.67,10,1.0,0.79
BIOMD0000000991.xml,21,,0.0,,,
BIOMD0000000946.xml,9,7,0.78,6,0.86,1.0
BIOMD0000000952.xml,33,15,0.45,14,0.93,0.55
BIOMD0000000953.xml,58,37,0.64,37,1.0,0.98
BIOMD0000000947.xml,13,9,0.69,9,1.0,1.0
BIOMD0000000990.xml,91,77,0.85,75,0.97,0.96
BIOMD0000000748.xml,17,10,0.59,10,1.0,0.86
BIOMD0000000984.xml,10,,0.0,,,
BIOMD0000000012.xml,20,20,1.0,19,0.95,0.88
BIOMD0000000774.xml,8,4,0.5,4,1.0,0.69
BIOMD0000000760.xml,8,4,0.5,4,1.0,0.76
BIOMD0000000006.xml,9,9,1.0,8,0.89,0.84
BIOMD0000000589.xml,15,15,1.0,12,0.8,0.94
BIOMD0000000238.xml,2,1,0.5,1,1.0,1.0
BIOMD0000000576.xml,97,18,0.19,17,0.94,1.0
BIOMD0000000210.xml,32,21,0.66,20,0.95,0.72
BIOMD0000000204.xml,24,16,0.67,15,0.94,0.67
BIOMD0000000562.xml,2,,0.0,,,
BIOMD0000000358.xml,22,6,0.27,6,1.0,1.0
BIOMD0000000402.xml,6,4,0.67,4,1.0,0.42
BIOMD0000000364.xml,32,10,0.31,10,1.0,0.82
BIOMD0000000370.xml,34,34,1.0,33,0.97,0.99
BIOMD0000000416.xml,54,46,0.85,43,0.93,0.81
BIOMD0000000199.xml,27,27,1.0,27,1.0,0.9
BIOMD0000000827.xml,21,11,0.52,11,1.0,1.0
BIOMD0000000833.xml,146,39,0.27,39,1.0,1.0
BIOMD0000000628.xml,724,12,0.02,12,1.0,0.99
BIOMD0000000166.xml,15,13,0.87,13,1.0,0.81
BIOMD0000000600.xml,51,33,0.65,31,0.94,0.8
BIOMD0000000614.xml,7,3,0.43,3,1.0,0.8
BIOMD0000000172.xml,47,47,1.0,47,1.0,0.96
BIOMD0000000602.xml,100,96,0.96,92,0.96,0.98
BIOMD0000000164.xml,61,21,0.34,21,1.0,0.88
BIOMD0000000170.xml,27,23,0.85,23,1.0,0.81
BIOMD0000000616.xml,16,5,0.31,5,1.0,0.93
BIOMD0000000158.xml,11,8,0.73,8,1.0,0.78
BIOMD0000000819.xml,43,36,0.84,36,1.0,0.85
BIOMD0000000825.xml,9,4,0.44,4,1.0,0.64
BIOMD0000000831.xml,11,3,0.27,3,1.0,1.0
BIOMD0000000366.xml,22,7,0.32,7,1.0,1.0
BIOMD0000000400.xml,15,15,1.0,14,0.93,0.71
BIOMD0000000414.xml,6,6,1.0,5,0.83,0.88
BIOMD0000000372.xml,8,7,0.88,4,0.57,0.91
BIOMD0000000428.xml,58,55,0.95,55,1.0,0.92
BIOMD0000000399.xml,229,148,0.65,147,0.99,0.65
BIOMD0000000212.xml,51,51,1.0,51,1.0,0.92
BIOMD0000000574.xml,773,68,0.09,68,1.0,1.0
BIOMD0000000560.xml,187,52,0.28,50,0.96,0.94
BIOMD0000000206.xml,22,15,0.68,14,0.93,0.97
BIOMD0000000548.xml,5,3,0.6,3,1.0,0.79
BIOMD0000000776.xml,8,3,0.38,1,0.33,0.77
BIOMD0000000010.xml,20,19,0.95,19,1.0,0.89
BIOMD0000000004.xml,14,7,0.5,6,0.86,0.88
BIOMD0000000762.xml,11,5,0.45,5,1.0,0.94
BIOMD0000000038.xml,29,24,0.83,22,0.92,0.86
BIOMD0000000986.xml,18,13,0.72,12,0.92,0.8
BIOMD0000000979.xml,11,,0.0,,,
BIOMD0000000951.xml,69,17,0.25,17,1.0,1.0
BIOMD0000000789.xml,11,4,0.36,3,0.75,0.92
BIOMD0000000945.xml,7,5,0.71,5,1.0,1.0
BIOMD0000000944.xml,11,,0.0,,,
BIOMD0000000788.xml,33,17,0.52,17,1.0,0.81
BIOMD0000000950.xml,10,,0.0,,,
BIOMD0000000978.xml,9,,0.0,,,
BIOMD0000000039.xml,16,15,0.94,15,1.0,0.87
BIOMD0000000987.xml,21,11,0.52,10,0.91,0.81
BIOMD0000000005.xml,20,13,0.65,12,0.92,0.87
BIOMD0000000763.xml,14,9,0.64,9,1.0,0.77
BIOMD0000000777.xml,13,3,0.23,3,1.0,0.67
BIOMD0000000011.xml,54,41,0.76,41,1.0,0.84
BIOMD0000000549.xml,4,2,0.5,1,0.5,0.58
BIOMD0000000561.xml,3,2,0.67,2,1.0,1.0
BIOMD0000000207.xml,14,12,0.86,12,1.0,0.99
BIOMD0000000213.xml,28,28,1.0,27,0.96,0.92
BIOMD0000000575.xml,140,59,0.42,56,0.95,0.92
BIOMD0000000398.xml,42,22,0.52,22,1.0,0.68
BIOMD0000000429.xml,36,33,0.92,31,0.94,0.8
BIOMD0000000415.xml,17,15,0.88,14,0.93,0.82
BIOMD0000000373.xml,9,8,0.89,6,0.75,0.96
BIOMD0000000367.xml,5,1,0.2,1,1.0,1.0
BIOMD0000000401.xml,5,4,0.8,4,1.0,0.42
BIOMD0000000830.xml,16,3,0.19,3,1.0,0.85
BIOMD0000000824.xml,7,3,0.43,3,1.0,0.91
BIOMD0000000818.xml,23,8,0.35,7,0.88,1.0
BIOMD0000000159.xml,11,8,0.73,8,1.0,0.78
BIOMD0000000171.xml,41,38,0.93,38,1.0,0.73
BIOMD0000000617.xml,8,3,0.38,2,0.67,0.97
BIOMD0000000603.xml,90,80,0.89,79,0.99,0.77
BIOMD0000000165.xml,71,29,0.41,28,0.97,0.91
BIOMD0000000149.xml,64,58,0.91,58,1.0,0.82
BIOMD0000000161.xml,97,62,0.64,62,1.0,0.81
BIOMD0000000607.xml,90,81,0.9,79,0.98,0.77
BIOMD0000000613.xml,97,31,0.32,31,1.0,0.94
BIOMD0000000175.xml,224,34,0.15,33,0.97,0.88
BIOMD0000000820.xml,16,7,0.44,7,1.0,0.52
BIOMD0000000834.xml,240,4,0.02,4,1.0,1.0
BIOMD0000000808.xml,23,11,0.48,10,0.91,0.95
BIOMD0000000439.xml,43,31,0.72,22,0.71,0.87
BIOMD0000000405.xml,16,15,0.94,15,1.0,0.86
BIOMD0000000363.xml,10,3,0.3,3,1.0,1.0
BIOMD0000000377.xml,6,3,0.5,1,0.33,0.96
BIOMD0000000411.xml,25,25,1.0,24,0.96,0.89
BIOMD0000000388.xml,17,8,0.47,8,1.0,0.96
BIOMD0000000559.xml,230,164,0.71,163,0.99,0.76
BIOMD0000000571.xml,170,78,0.46,78,1.0,0.98
BIOMD0000000217.xml,40,23,0.57,23,1.0,0.99
BIOMD0000000203.xml,24,17,0.71,15,0.88,0.67
BIOMD0000000565.xml,93,28,0.3,28,1.0,0.95
BIOMD0000000029.xml,15,15,1.0,14,0.93,0.9
BIOMD0000000997.xml,91,77,0.85,76,0.99,0.96
BIOMD0000000983.xml,19,,0.0,,,
BIOMD0000000015.xml,57,46,0.81,45,0.98,0.95
BIOMD0000000773.xml,11,6,0.55,6,1.0,0.7
BIOMD0000000767.xml,10,5,0.5,5,1.0,0.81
BIOMD0000000001.xml,31,31,1.0,31,1.0,0.99
BIOMD0000000954.xml,63,,0.0,,,
BIOMD0000000940.xml,82,19,0.23,19,1.0,1.0
BIOMD0000000798.xml,16,7,0.44,7,1.0,0.66
BIOMD0000000968.xml,19,1,0.05,1,1.0,1.0
BIOMD0000000969.xml,65,,0.0,,,
BIOMD0000000799.xml,8,4,0.5,4,1.0,0.97
BIOMD0000000941.xml,22,11,0.5,11,1.0,1.0
BIOMD0000000955.xml,23,,0.0,,,
BIOMD0000000766.xml,18,10,0.56,10,1.0,0.86
BIOMD0000000014.xml,388,241,0.62,241,1.0,0.76
BIOMD0000000772.xml,13,4,0.31,3,0.75,0.73
BIOMD0000000982.xml,7,,0.0,,,
BIOMD0000000028.xml,35,25,0.71,24,0.96,0.87
BIOMD0000000996.xml,92,78,0.85,77,0.99,0.96
BIOMD0000000202.xml,28,14,0.5,14,1.0,0.94
BIOMD0000000564.xml,59,59,1.0,56,0.95,0.81
BIOMD0000000570.xml,43,21,0.49,21,1.0,0.95
BIOMD0000000216.xml,25,7,0.28,6,0.86,0.8
BIOMD0000000558.xml,8,3,0.38,3,1.0,0.87
BIOMD0000000389.xml,45,13,0.29,12,0.92,0.96
BIOMD0000000376.xml,13,11,0.85,9,0.82,0.97
BIOMD0000000410.xml,147,146,0.99,138,0.95,0.6
BIOMD0000000404.xml,66,66,1.0,65,0.98,0.71
BIOMD0000000362.xml,69,19,0.28,19,1.0,1.0
BIOMD0000000438.xml,19,13,0.68,12,0.92,0.8
BIOMD0000000809.xml,15,9,0.6,8,0.89,0.94
BIOMD0000000835.xml,95,1,0.01,1,1.0,0.8
BIOMD0000000821.xml,12,7,0.58,7,1.0,0.81
BIOMD0000000612.xml,117,15,0.13,15,1.0,1.0
BIOMD0000000174.xml,16,14,0.88,14,1.0,0.74
BIOMD0000000160.xml,68,49,0.72,46,0.94,0.75
BIOMD0000000606.xml,86,76,0.88,75,0.99,0.79
BIOMD0000000148.xml,15,7,0.47,7,1.0,0.92
BIOMD0000000638.xml,72,43,0.6,43,1.0,0.99
BIOMD0000000176.xml,46,45,0.98,45,1.0,0.96
BIOMD0000000610.xml,90,58,0.64,57,0.98,0.77
BIOMD0000000604.xml,86,76,0.88,75,0.99,0.78
BIOMD0000000162.xml,83,57,0.69,57,1.0,0.81
BIOMD0000000189.xml,34,27,0.79,19,0.7,0.75
BIOMD0000000837.xml,27,9,0.33,8,0.89,0.63
BIOMD0000000823.xml,36,13,0.36,13,1.0,0.63
BIOMD0000000348.xml,9,8,0.89,7,0.88,0.85
BIOMD0000000412.xml,138,136,0.99,134,0.99,0.87
BIOMD0000000374.xml,7,6,0.86,3,0.5,0.96
BIOMD0000000360.xml,19,3,0.16,3,1.0,1.0
BIOMD0000000406.xml,102,102,1.0,101,0.99,0.97
BIOMD0000000228.xml,33,23,0.7,19,0.83,0.69
BIOMD0000000566.xml,6,3,0.5,3,1.0,1.0
BIOMD0000000200.xml,58,42,0.72,41,0.98,0.64
BIOMD0000000214.xml,43,43,1.0,43,1.0,0.89
BIOMD0000000572.xml,50,29,0.58,29,1.0,0.95
BIOMD0000000599.xml,69,34,0.49,34,1.0,0.89
BIOMD0000000758.xml,8,4,0.5,4,1.0,0.75
BIOMD0000000980.xml,11,,0.0,,,
BIOMD0000000994.xml,92,78,0.85,77,0.99,0.96
BIOMD0000000002.xml,32,29,0.91,29,1.0,0.98
BIOMD0000000764.xml,15,8,0.53,8,1.0,0.87
BIOMD0000000770.xml,20,12,0.6,12,1.0,0.87
BIOMD0000000016.xml,21,19,0.9,18,0.95,0.8
BIOMD0000000943.xml,138,119,0.86,119,1.0,0.98
BIOMD0000000957.xml,9,,0.0,,,
BIOMD0000000956.xml,7,,0.0,,,
BIOMD0000000942.xml,35,20,0.57,20,1.0,0.87
BIOMD0000000771.xml,11,3,0.27,3,1.0,0.77
BIOMD0000000017.xml,35,28,0.8,27,0.96,0.95
BIOMD0000000003.xml,12,12,1.0,11,0.92,0.96
BIOMD0000000765.xml,16,9,0.56,7,0.78,0.85
BIOMD0000000995.xml,92,78,0.85,77,0.99,0.96
BIOMD0000000981.xml,29,,0.0,,,
BIOMD0000000759.xml,27,16,0.59,16,1.0,0.8
BIOMD0000000598.xml,86,1,0.01,1,1.0,0.7
BIOMD0000000215.xml,23,23,1.0,21,0.91,0.87
BIOMD0000000573.xml,11,2,0.18,1,0.5,0.69
BIOMD0000000567.xml,6,1,0.17,1,1.0,1.0
BIOMD0000000201.xml,61,58,0.95,58,1.0,0.91
BIOMD0000000229.xml,23,22,0.96,20,0.91,0.98
BIOMD0000000361.xml,15,4,0.27,4,1.0,1.0
BIOMD0000000407.xml,139,139,1.0,139,1.0,0.96
BIOMD0000000413.xml,16,16,1.0,15,0.94,0.88
BIOMD0000000375.xml,7,6,0.86,3,0.5,0.96
BIOMD0000000349.xml,9,8,0.89,7,0.88,0.85
BIOMD0000000822.xml,23,13,0.57,13,1.0,0.97
BIOMD0000000188.xml,42,42,1.0,34,0.81,0.81
BIOMD0000000836.xml,4,1,0.25,1,1.0,0.93
BIOMD0000000605.xml,90,80,0.89,79,0.99,0.77
BIOMD0000000163.xml,46,40,0.87,40,1.0,0.85
BIOMD0000000177.xml,52,50,0.96,50,1.0,0.97
BIOMD0000000611.xml,130,1,0.01,1,1.0,1.0
BIOMD0000000639.xml,29,,0.0,,,
